GebietsartschlÌ_ssel;Gebietsnummer;Stimmbezirksart;Wahlberechtigte gesamt;Wahlberechtigte ohne Wahlschein;Wahlberechtigte mit Wahlschein;Wahlberechtigte nicht im WÌ_hlerverzeichnis;WÌ_hler gesamt;WÌ_hler mit Wahlschein;UngÌ_ltige Stimmen;Anzahl CSU;Anteil CSU;Anzahl SPD;Anteil SPD;Anzahl GRÌÏNE;Anteil GRÌÏNE;Anzahl FDP;Anteil FDP;Anzahl AfD;Anteil AfD;Anzahl DIE LINKE;Anteil DIE LINKE;Anzahl FREIE WÌãHLER;Anteil FREIE WÌãHLER;Anzahl PIRATEN;Anteil PIRATEN;Anzahl ÌÐDP;Anteil ÌÐDP;Anzahl BP;Anteil BP;Anzahl NPD;Anteil NPD;Anzahl Tierschutzpartei;Anteil Tierschutzpartei;Anzahl MLPD;Anteil MLPD;Anzahl BÌ_So;Anteil BÌ_So;Anzahl BGE;Anteil BGE;Anzahl DiB;Anteil DiB;Anzahl DKP;Anteil DKP;Anzahl DM;Anteil DM;Anzahl Die PARTEI;Anteil Die PARTEI;Anzahl Gesundheitsforschung;Anteil Gesundheitsforschung;Anzahl V-Parteiå_;Anteil V-Parteiå_
BTSB;1;11;13614;7831;5783;0;5681;110;12;1544;27,24%;800;14,11%;1177;20,76%;1121;19,77%;338;5,96%;482;8,50%;24;0,42%;13;0,23%;36;0,64%;6;0,11%;5;0,09%;39;0,69%;2;0,04%;1;0,02%;14;0,25%;16;0,28%;1;0,02%;5;0,09%;32;0,56%;4;0,07%;9;0,16%
BTSB;2;11;32221;19049;13167;5;14153;272;52;3015;21,38%;2151;15,25%;3746;26,57%;2159;15,31%;717;5,08%;1630;11,56%;64;0,45%;59;0,42%;77;0,55%;42;0,30%;5;0,04%;71;0,50%;9;0,06%;3;0,02%;43;0,30%;81;0,57%;3;0,02%;18;0,13%;177;1,26%;5;0,04%;26;0,18%
BTSB;3;11;34632;19983;14645;4;14899;355;36;3564;23,98%;2282;15,35%;3324;22,36%;2608;17,55%;874;5,88%;1537;10,34%;96;0,65%;57;0,38%;97;0,65%;29;0,20%;6;0,04%;86;0,58%;11;0,07%;1;0,01%;28;0,19%;34;0,23%;1;0,01%;28;0,19%;163;1,10%;6;0,04%;31;0,21%
BTSB;4;11;45881;27631;18249;1;20507;358;68;4829;23,63%;3571;17,47%;4504;22,04%;3150;15,41%;1395;6,83%;2080;10,18%;136;0,67%;66;0,32%;161;0,79%;61;0,30%;17;0,08%;120;0,59%;10;0,05%;5;0,02%;35;0,17%;67;0,33%;3;0,01%;15;0,07%;176;0,86%;9;0,04%;29;0,14%
BTSB;5;11;39651;23853;15797;1;17810;362;64;3730;21,02%;2976;16,77%;4508;25,40%;2342;13,20%;1019;5,74%;2203;12,41%;126;0,71%;92;0,52%;143;0,81%;66;0,37%;6;0,03%;126;0,71%;7;0,04%;6;0,03%;51;0,29%;59;0,33%;4;0,02%;22;0,12%;211;1,19%;16;0,09%;33;0,19%
BTSB;6;11;25650;16150;9498;2;11679;170;52;2523;21,70%;2132;18,34%;2706;23,27%;1290;11,09%;864;7,43%;1433;12,32%;87;0,75%;46;0,40%;79;0,68%;50;0,43%;8;0,07%;100;0,86%;7;0,06%;3;0,03%;41;0,35%;55;0,47%;3;0,03%;24;0,21%;152;1,31%;10;0,09%;14;0,12%
BTSB;7;11;35813;23377;12436;0;16076;163;74;4439;27,74%;2879;17,99%;2757;17,23%;1950;12,19%;1484;9,27%;1484;9,27%;164;1,02%;101;0,63%;136;0,85%;83;0,52%;17;0,11%;154;0,96%;5;0,03%;5;0,03%;32;0,20%;69;0,43%;1;0,01%;13;0,08%;177;1,11%;19;0,12%;33;0,21%
BTSB;8;11;16391;10667;5724;0;7574;144;50;1456;19,35%;1344;17,86%;1882;25,01%;792;10,53%;501;6,66%;1066;14,17%;58;0,77%;46;0,61%;51;0,68%;29;0,39%;6;0,08%;75;1,00%;3;0,04%;4;0,05%;20;0,27%;45;0,60%;1;0,01%;17;0,23%;103;1,37%;6;0,08%;19;0,25%
BTSB;9;11;63111;38527;24580;4;28092;474;101;7019;25,08%;4841;17,29%;5792;20,69%;3640;13,00%;2238;8,00%;2968;10,60%;203;0,73%;114;0,41%;246;0,88%;137;0,49%;23;0,08%;206;0,74%;5;0,02%;9;0,03%;74;0,26%;77;0,28%;7;0,03%;40;0,14%;277;0,99%;28;0,10%;47;0,17%
BTSB;10;11;30732;20834;9897;1;13749;133;66;3975;29,05%;2655;19,40%;1857;13,57%;1564;11,43%;1630;11,91%;1117;8,16%;157;1,15%;62;0,45%;109;0,80%;114;0,83%;9;0,07%;140;1,02%;6;0,04%;6;0,04%;27;0,20%;32;0,23%;7;0,05%;19;0,14%;140;1,02%;28;0,20%;29;0,21%
BTSB;11;11;36441;26135;10306;0;15696;200;114;4089;26,24%;3270;20,99%;1984;12,73%;1626;10,44%;1989;12,76%;1545;9,92%;215;1,38%;95;0,61%;125;0,80%;92;0,59%;17;0,11%;170;1,09%;13;0,08%;1;0,01%;39;0,25%;47;0,30%;3;0,02%;49;0,31%;164;1,05%;21;0,13%;28;0,18%
BTSB;12;11;45689;28449;17238;2;19764;285;89;5330;27,09%;3270;16,62%;3423;17,40%;3089;15,70%;1802;9,16%;1726;8,77%;159;0,81%;90;0,46%;153;0,78%;96;0,49%;15;0,08%;119;0,60%;6;0,03%;4;0,02%;37;0,19%;80;0,41%;9;0,05%;25;0,13%;193;0,98%;11;0,06%;38;0,19%
BTSB;13;11;55239;34017;21221;1;24838;341;90;7788;31,47%;3933;15,89%;3760;15,19%;4135;16,71%;2307;9,32%;1705;6,89%;206;0,83%;88;0,36%;177;0,72%;100;0,40%;19;0,08%;161;0,65%;8;0,03%;3;0,01%;40;0,16%;64;0,26%;1;0,00%;36;0,15%;162;0,65%;14;0,06%;41;0,17%
BTSB;14;11;25719;17246;8473;0;10904;78;57;2940;27,10%;2074;19,12%;1571;14,48%;1215;11,20%;1341;12,36%;1041;9,60%;144;1,33%;50;0,46%;68;0,63%;71;0,65%;10;0,09%;101;0,93%;7;0,06%;7;0,06%;16;0,15%;24;0,22%;5;0,05%;23;0,21%;105;0,97%;13;0,12%;21;0,19%
BTSB;15;11;43154;28730;14424;0;21127;184;87;7269;34,55%;3286;15,62%;3076;14,62%;2902;13,79%;2021;9,61%;1338;6,36%;255;1,21%;102;0,48%;165;0,78%;103;0,49%;18;0,09%;172;0,82%;10;0,05%;5;0,02%;34;0,16%;55;0,26%;6;0,03%;24;0,11%;154;0,73%;14;0,07%;31;0,15%
BTSB;16;11;61792;43009;18780;3;27197;241;179;8130;30,09%;5293;19,59%;3434;12,71%;2841;10,52%;3285;12,16%;2329;8,62%;335;1,24%;174;0,64%;207;0,77%;175;0,65%;39;0,14%;234;0,87%;23;0,09%;7;0,03%;47;0,17%;75;0,28%;9;0,03%;76;0,28%;238;0,88%;25;0,09%;42;0,16%
BTSB;17;11;31409;20722;10684;3;13781;174;87;3318;24,23%;2591;18,92%;2416;17,64%;1467;10,71%;1372;10,02%;1589;11,60%;166;1,21%;72;0,53%;101;0,74%;84;0,61%;20;0,15%;115;0,84%;24;0,18%;6;0,04%;33;0,24%;43;0,31%;4;0,03%;36;0,26%;184;1,34%;12;0,09%;41;0,30%
BTSB;18;11;34561;21448;13110;3;15309;241;55;4034;26,45%;2374;15,56%;3164;20,74%;1982;12,99%;1274;8,35%;1566;10,27%;134;0,88%;75;0,49%;139;0,91%;54;0,35%;14;0,09%;134;0,88%;9;0,06%;4;0,03%;46;0,30%;61;0,40%;6;0,04%;27;0,18%;124;0,81%;13;0,09%;20;0,13%
BTSB;19;11;58982;37732;21248;2;26846;318;141;8178;30,62%;4439;16,62%;4038;15,12%;3831;14,35%;2817;10,55%;2024;7,58%;265;0,99%;108;0,40%;222;0,83%;137;0,51%;20;0,07%;203;0,76%;3;0,01%;8;0,03%;36;0,13%;58;0,22%;6;0,02%;22;0,08%;224;0,84%;22;0,08%;44;0,16%
BTSB;20;11;30310;20351;9958;1;14382;126;75;4560;31,87%;2458;17,18%;1986;13,88%;1795;12,55%;1491;10,42%;1160;8,11%;153;1,07%;70;0,49%;116;0,81%;93;0,65%;10;0,07%;127;0,89%;7;0,05%;6;0,04%;27;0,19%;56;0,39%;2;0,01%;23;0,16%;134;0,94%;15;0,10%;18;0,13%
BTSB;21;11;46944;30073;16870;1;22327;221;96;6792;30,55%;3679;16,55%;3880;17,45%;3140;14,12%;1986;8,93%;1648;7,41%;186;0,84%;70;0,31%;196;0,88%;110;0,49%;16;0,07%;155;0,70%;5;0,02%;8;0,04%;34;0,15%;73;0,33%;7;0,03%;27;0,12%;167;0,75%;25;0,11%;27;0,12%
BTSB;22;11;27150;18999;8151;0;13191;115;96;4483;34,23%;2253;17,21%;1572;12,00%;1482;11,32%;1561;11,92%;923;7,05%;155;1,18%;80;0,61%;112;0,86%;108;0,82%;23;0,18%;114;0,87%;4;0,03%;7;0,05%;12;0,09%;42;0,32%;8;0,06%;28;0,21%;85;0,65%;16;0,12%;27;0,21%
BTSB;23;11;20349;13382;6967;0;9942;108;41;3636;36,72%;1611;16,27%;1279;12,92%;1239;12,51%;1007;10,17%;590;5,96%;92;0,93%;43;0,43%;82;0,83%;83;0,84%;11;0,11%;66;0,67%;1;0,01%;6;0,06%;15;0,15%;25;0,25%;0;0,00%;21;0,21%;75;0,76%;6;0,06%;13;0,13%
BTSB;24;11;33061;23751;9310;0;14993;123;117;4641;31,20%;2732;18,37%;1630;10,96%;1636;11,00%;2184;14,68%;1151;7,74%;183;1,23%;73;0,49%;93;0,63%;127;0,85%;27;0,18%;120;0,81%;6;0,04%;12;0,08%;34;0,23%;41;0,28%;5;0,03%;34;0,23%;108;0,73%;21;0,14%;18;0,12%
BTSB;25;11;35116;22797;12317;2;15696;304;94;4323;27,71%;2781;17,82%;2626;16,83%;1694;10,86%;1533;9,83%;1598;10,24%;185;1,19%;75;0,48%;137;0,88%;103;0,66%;21;0,13%;153;0,98%;7;0,04%;8;0,05%;21;0,13%;57;0,37%;11;0,07%;20;0,13%;203;1,30%;17;0,11%;29;0,19%
BTSB;162;11;923612;594743;328833;36;416213;5600;1993;115605;27,91%;71675;17,30%;72092;17,40%;54690;13,20%;39030;9,42%;37933;9,16%;3948;0,95%;1921;0,46%;3228;0,78%;2153;0,52%;382;0,09%;3261;0,79%;198;0,05%;135;0,03%;836;0,20%;1336;0,32%;113;0,03%;672;0,16%;3928;0,95%;376;0,09%;708;0,17%
BTSB;1;21;13614;7831;5783;0;5389;5389;13;1836;34,15%;589;10,96%;912;16,96%;1301;24,20%;201;3,74%;323;6,01%;35;0,65%;10;0,19%;44;0,82%;12;0,22%;0;0,00%;27;0,50%;1;0,02%;0;0,00%;11;0,20%;13;0,24%;1;0,02%;2;0,04%;44;0,82%;2;0,04%;12;0,22%
BTSB;2;21;32221;19049;13167;5;12312;12312;30;3200;26,05%;1541;12,55%;3013;24,53%;2271;18,49%;463;3,77%;1188;9,67%;81;0,66%;47;0,38%;63;0,51%;21;0,17%;5;0,04%;74;0,60%;4;0,03%;3;0,02%;39;0,32%;66;0,54%;5;0,04%;6;0,05%;155;1,26%;6;0,05%;31;0,25%
BTSB;3;21;34632;19983;14645;4;13623;13623;19;3897;28,65%;1775;13,05%;2904;21,35%;2844;20,91%;560;4,12%;986;7,25%;103;0,76%;46;0,34%;130;0,96%;27;0,20%;5;0,04%;72;0,53%;3;0,02%;3;0,02%;22;0,16%;57;0,42%;2;0,01%;11;0,08%;116;0,85%;8;0,06%;33;0,24%
BTSB;4;21;45881;27631;18249;1;17116;17116;38;5014;29,36%;2602;15,24%;3436;20,12%;3074;18,00%;820;4,80%;1245;7,29%;158;0,93%;75;0,44%;151;0,88%;47;0,28%;5;0,03%;124;0,73%;7;0,04%;2;0,01%;53;0,31%;58;0,34%;3;0,02%;14;0,08%;131;0,77%;18;0,11%;41;0,24%
BTSB;5;21;39651;23853;15797;1;14573;14573;51;3855;26,55%;2040;14,05%;3525;24,27%;2328;16,03%;665;4,58%;1278;8,80%;122;0,84%;54;0,37%;144;0,99%;44;0,30%;11;0,08%;120;0,83%;7;0,05%;3;0,02%;29;0,20%;73;0,50%;11;0,08%;17;0,12%;155;1,07%;9;0,06%;32;0,22%
BTSB;6;21;25650;16150;9498;2;8939;8939;20;2407;26,99%;1350;15,14%;2007;22,50%;1099;12,32%;521;5,84%;919;10,30%;125;1,40%;36;0,40%;75;0,84%;38;0,43%;7;0,08%;91;1,02%;5;0,06%;1;0,01%;29;0,33%;55;0,62%;3;0,03%;13;0,15%;102;1,14%;8;0,09%;28;0,31%
BTSB;7;21;35813;23377;12436;0;11734;11734;28;3829;32,71%;1872;15,99%;2002;17,10%;1513;12,93%;860;7,35%;885;7,56%;158;1,35%;42;0,36%;115;0,98%;65;0,56%;10;0,09%;115;0,98%;3;0,03%;1;0,01%;25;0,21%;51;0,44%;0;0,00%;7;0,06%;126;1,08%;14;0,12%;13;0,11%
BTSB;8;21;16391;10667;5724;0;5321;5321;13;1211;22,81%;793;14,94%;1319;24,85%;719;13,55%;255;4,80%;632;11,91%;59;1,11%;36;0,68%;39;0,73%;18;0,34%;7;0,13%;52;0,98%;1;0,02%;3;0,06%;15;0,28%;45;0,85%;2;0,04%;6;0,11%;77;1,45%;4;0,08%;15;0,28%
BTSB;9;21;63111;38527;24580;4;23046;23046;67;7061;30,73%;3467;15,09%;4385;19,08%;3612;15,72%;1311;5,71%;1765;7,68%;280;1,22%;78;0,34%;246;1,07%;108;0,47%;10;0,04%;203;0,88%;2;0,01%;9;0,04%;46;0,20%;94;0,41%;2;0,01%;30;0,13%;189;0,82%;24;0,10%;57;0,25%
BTSB;10;21;30732;20834;9897;1;9318;9318;32;3134;33,75%;1501;16,16%;1238;13,33%;1215;13,08%;884;9,52%;663;7,14%;155;1,67%;38;0,41%;89;0,96%;78;0,84%;12;0,13%;101;1,09%;2;0,02%;0;0,00%;22;0,24%;22;0,24%;0;0,00%;17;0,18%;83;0,89%;12;0,13%;20;0,22%
BTSB;11;21;36441;26135;10306;0;9645;9645;32;3039;31,61%;1608;16,73%;1407;14,64%;1308;13,61%;839;8,73%;717;7,46%;141;1,47%;54;0,56%;103;1,07%;74;0,77%;8;0,08%;91;0,95%;7;0,07%;1;0,01%;22;0,23%;35;0,36%;3;0,03%;17;0,18%;110;1,14%;10;0,10%;19;0,20%
BTSB;12;21;45689;28449;17238;2;16153;16153;40;5072;31,48%;2279;14,14%;2691;16,70%;3074;19,08%;1078;6,69%;1040;6,45%;198;1,23%;62;0,38%;148;0,92%;53;0,33%;6;0,04%;110;0,68%;2;0,01%;1;0,01%;32;0,20%;46;0,29%;1;0,01%;26;0,16%;157;0,97%;16;0,10%;21;0,13%
BTSB;13;21;55239;34017;21221;1;20009;20009;52;7251;36,33%;2664;13,35%;2780;13,93%;3936;19,72%;1340;6,71%;993;4,98%;220;1,10%;55;0,28%;179;0,90%;83;0,42%;9;0,05%;139;0,70%;3;0,02%;0;0,00%;36;0,18%;58;0,29%;4;0,02%;13;0,07%;135;0,68%;18;0,09%;41;0,21%
BTSB;14;21;25719;17246;8473;0;7994;7994;22;2781;34,88%;1247;15,64%;1090;13,67%;1033;12,96%;708;8,88%;538;6,75%;132;1,66%;33;0,41%;75;0,94%;74;0,93%;11;0,14%;86;1,08%;0;0,00%;2;0,03%;21;0,26%;26;0,33%;2;0,03%;7;0,09%;74;0,93%;8;0,10%;24;0,30%
BTSB;15;21;43154;28730;14424;0;13709;13709;58;5240;38,39%;1837;13,46%;1814;13,29%;2162;15,84%;1092;8,00%;645;4,72%;220;1,61%;44;0,32%;121;0,89%;88;0,64%;12;0,09%;137;1,00%;0;0,00%;3;0,02%;27;0,20%;46;0,34%;3;0,02%;14;0,10%;100;0,73%;10;0,07%;36;0,26%
BTSB;16;21;61792;43009;18780;3;17682;17682;60;6119;34,72%;3005;17,05%;2219;12,59%;2143;12,16%;1642;9,32%;1249;7,09%;292;1,66%;72;0,41%;187;1,06%;120;0,68%;18;0,10%;188;1,07%;11;0,06%;6;0,03%;40;0,23%;54;0,31%;9;0,05%;23;0,13%;166;0,94%;26;0,15%;33;0,19%
BTSB;17;21;31409;20722;10684;3;9952;9952;21;2862;28,82%;1499;15,09%;1901;19,14%;1226;12,35%;786;7,91%;899;9,05%;196;1,97%;47;0,47%;94;0,95%;68;0,68%;8;0,08%;103;1,04%;5;0,05%;2;0,02%;22;0,22%;48;0,48%;3;0,03%;13;0,13%;107;1,08%;8;0,08%;34;0,34%
BTSB;18;21;34561;21448;13110;3;12293;12293;34;3879;31,64%;1751;14,28%;2404;19,61%;1869;15,25%;731;5,96%;949;7,74%;109;0,89%;31;0,25%;107;0,87%;48;0,39%;6;0,05%;99;0,81%;5;0,04%;2;0,02%;33;0,27%;49;0,40%;1;0,01%;20;0,16%;128;1,04%;5;0,04%;33;0,27%
BTSB;19;21;58982;37732;21248;2;20071;20071;47;7137;35,64%;2757;13,77%;2912;14,54%;3235;16,16%;1603;8,01%;1251;6,25%;294;1,47%;57;0,28%;187;0,93%;101;0,50%;17;0,08%;137;0,68%;5;0,02%;9;0,04%;34;0,17%;49;0,24%;1;0,00%;33;0,16%;141;0,70%;19;0,09%;45;0,22%
BTSB;20;21;30310;20351;9958;1;9421;9421;25;3520;37,46%;1398;14,88%;1267;13,48%;1330;14,15%;775;8,25%;535;5,69%;131;1,39%;34;0,36%;87;0,93%;69;0,73%;7;0,07%;89;0,95%;1;0,01%;3;0,03%;20;0,21%;31;0,33%;0;0,00%;10;0,11%;56;0,60%;12;0,13%;21;0,22%
BTSB;21;21;46944;30073;16870;1;15992;15992;51;5808;36,43%;2280;14,30%;2527;15,85%;2425;15,21%;1090;6,84%;920;5,77%;203;1,27%;55;0,35%;165;1,04%;83;0,52%;12;0,08%;115;0,72%;4;0,03%;3;0,02%;38;0,24%;38;0,24%;3;0,02%;15;0,09%;109;0,68%;15;0,09%;33;0,21%
BTSB;22;21;27150;18999;8151;0;7732;7732;35;3026;39,31%;1178;15,30%;899;11,68%;896;11,64%;761;9,89%;413;5,37%;131;1,70%;32;0,42%;74;0,96%;78;1,01%;6;0,08%;76;0,99%;3;0,04%;2;0,03%;19;0,25%;16;0,21%;3;0,04%;11;0,14%;51;0,66%;4;0,05%;18;0,23%
BTSB;23;21;20349;13382;6967;0;6588;6588;7;2675;40,65%;856;13,01%;845;12,84%;926;14,07%;561;8,52%;314;4,77%;101;1,53%;20;0,30%;51;0,77%;71;1,08%;7;0,11%;57;0,87%;0;0,00%;2;0,03%;13;0,20%;23;0,35%;0;0,00%;10;0,15%;31;0,47%;5;0,08%;13;0,20%
BTSB;24;21;33061;23751;9310;0;8733;8733;17;3369;38,65%;1358;15,58%;936;10,74%;1053;12,08%;927;10,64%;495;5,68%;168;1,93%;32;0,37%;60;0,69%;76;0,87%;8;0,09%;101;1,16%;6;0,07%;2;0,02%;9;0,10%;22;0,25%;3;0,03%;11;0,13%;49;0,56%;14;0,16%;17;0,20%
BTSB;25;21;35116;22797;12317;2;11433;11433;45;3617;31,76%;1842;16,17%;1840;16,16%;1361;11,95%;911;8,00%;983;8,63%;158;1,39%;42;0,37%;111;0,97%;82;0,72%;18;0,16%;143;1,26%;4;0,04%;4;0,04%;28;0,25%;46;0,40%;6;0,05%;17;0,15%;124;1,09%;18;0,16%;33;0,29%
BTSB;162;21;923612;594743;328833;36;308778;308778;857;100839;32,75%;45089;14,64%;52273;16,98%;47953;15,57%;21384;6,94%;21825;7,09%;3970;1,29%;1132;0,37%;2845;0,92%;1626;0,53%;225;0,07%;2650;0,86%;91;0,03%;67;0,02%;685;0,22%;1121;0,36%;71;0,02%;363;0,12%;2716;0,88%;293;0,10%;703;0,23%
BTSB;1;1;13614;7831;5783;0;11070;5499;25;3380;30,60%;1389;12,58%;2089;18,91%;2422;21,93%;539;4,88%;805;7,29%;59;0,53%;23;0,21%;80;0,72%;18;0,16%;5;0,05%;66;0,60%;3;0,03%;1;0,01%;25;0,23%;29;0,26%;2;0,02%;7;0,06%;76;0,69%;6;0,05%;21;0,19%
BTSB;2;1;32221;19049;13167;5;26465;12584;82;6215;23,56%;3692;13,99%;6759;25,62%;4430;16,79%;1180;4,47%;2818;10,68%;145;0,55%;106;0,40%;140;0,53%;63;0,24%;10;0,04%;145;0,55%;13;0,05%;6;0,02%;82;0,31%;147;0,56%;8;0,03%;24;0,09%;332;1,26%;11;0,04%;57;0,22%
BTSB;3;1;34632;19983;14645;4;28522;13978;55;7461;26,21%;4057;14,25%;6228;21,88%;5452;19,15%;1434;5,04%;2523;8,86%;199;0,70%;103;0,36%;227;0,80%;56;0,20%;11;0,04%;158;0,56%;14;0,05%;4;0,01%;50;0,18%;91;0,32%;3;0,01%;39;0,14%;279;0,98%;14;0,05%;64;0,22%
BTSB;4;1;45881;27631;18249;1;37623;17474;106;9843;26,24%;6173;16,45%;7940;21,16%;6224;16,59%;2215;5,90%;3325;8,86%;294;0,78%;141;0,38%;312;0,83%;108;0,29%;22;0,06%;244;0,65%;17;0,05%;7;0,02%;88;0,23%;125;0,33%;6;0,02%;29;0,08%;307;0,82%;27;0,07%;70;0,19%
BTSB;5;1;39651;23853;15797;1;32383;14935;115;7585;23,51%;5016;15,54%;8033;24,89%;4670;14,47%;1684;5,22%;3481;10,79%;248;0,77%;146;0,45%;287;0,89%;110;0,34%;17;0,05%;246;0,76%;14;0,04%;9;0,03%;80;0,25%;132;0,41%;15;0,05%;39;0,12%;366;1,13%;25;0,08%;65;0,20%
BTSB;6;1;25650;16150;9498;2;20618;9109;72;4930;23,99%;3482;16,95%;4713;22,94%;2389;11,63%;1385;6,74%;2352;11,45%;212;1,03%;82;0,40%;154;0,75%;88;0,43%;15;0,07%;191;0,93%;12;0,06%;4;0,02%;70;0,34%;110;0,54%;6;0,03%;37;0,18%;254;1,24%;18;0,09%;42;0,20%
BTSB;7;1;35813;23377;12436;0;27810;11897;102;8268;29,84%;4751;17,15%;4759;17,18%;3463;12,50%;2344;8,46%;2369;8,55%;322;1,16%;143;0,52%;251;0,91%;148;0,53%;27;0,10%;269;0,97%;8;0,03%;6;0,02%;57;0,21%;120;0,43%;1;0,00%;20;0,07%;303;1,09%;33;0,12%;46;0,17%
BTSB;8;1;16391;10667;5724;0;12895;5465;63;2667;20,78%;2137;16,65%;3201;24,95%;1511;11,78%;756;5,89%;1698;13,23%;117;0,91%;82;0,64%;90;0,70%;47;0,37%;13;0,10%;127;0,99%;4;0,03%;7;0,05%;35;0,27%;90;0,70%;3;0,02%;23;0,18%;180;1,40%;10;0,08%;34;0,26%
BTSB;9;1;63111;38527;24580;4;51138;23520;168;14080;27,62%;8308;16,30%;10177;19,97%;7252;14,23%;3549;6,96%;4733;9,29%;483;0,95%;192;0,38%;492;0,97%;245;0,48%;33;0,06%;409;0,80%;7;0,01%;18;0,04%;120;0,24%;171;0,34%;9;0,02%;70;0,14%;466;0,91%;52;0,10%;104;0,20%
BTSB;10;1;30732;20834;9897;1;23067;9451;98;7109;30,95%;4156;18,09%;3095;13,47%;2779;12,10%;2514;10,95%;1780;7,75%;312;1,36%;100;0,44%;198;0,86%;192;0,84%;21;0,09%;241;1,05%;8;0,03%;6;0,03%;49;0,21%;54;0,24%;7;0,03%;36;0,16%;223;0,97%;40;0,17%;49;0,21%
BTSB;11;1;36441;26135;10306;0;25341;9845;146;7128;28,29%;4878;19,36%;3391;13,46%;2934;11,65%;2828;11,22%;2262;8,98%;356;1,41%;149;0,59%;228;0,90%;166;0,66%;25;0,10%;261;1,04%;20;0,08%;2;0,01%;61;0,24%;82;0,33%;6;0,02%;66;0,26%;274;1,09%;31;0,12%;47;0,19%
BTSB;12;1;45689;28449;17238;2;35917;16438;129;10402;29,07%;5549;15,51%;6114;17,08%;6163;17,22%;2880;8,05%;2766;7,73%;357;1,00%;152;0,42%;301;0,84%;149;0,42%;21;0,06%;229;0,64%;8;0,02%;5;0,01%;69;0,19%;126;0,35%;10;0,03%;51;0,14%;350;0,98%;27;0,08%;59;0,16%
BTSB;13;1;55239;34017;21221;1;44847;20350;142;15039;33,64%;6597;14,76%;6540;14,63%;8071;18,05%;3647;8,16%;2698;6,04%;426;0,95%;143;0,32%;356;0,80%;183;0,41%;28;0,06%;300;0,67%;11;0,02%;3;0,01%;76;0,17%;122;0,27%;5;0,01%;49;0,11%;297;0,66%;32;0,07%;82;0,18%
BTSB;14;1;25719;17246;8473;0;18898;8072;79;5721;30,40%;3321;17,65%;2661;14,14%;2248;11,95%;2049;10,89%;1579;8,39%;276;1,47%;83;0,44%;143;0,76%;145;0,77%;21;0,11%;187;0,99%;7;0,04%;9;0,05%;37;0,20%;50;0,27%;7;0,04%;30;0,16%;179;0,95%;21;0,11%;45;0,24%
BTSB;15;1;43154;28730;14424;0;34836;13893;145;12509;36,06%;5123;14,77%;4890;14,10%;5064;14,60%;3113;8,97%;1983;5,72%;475;1,37%;146;0,42%;286;0,82%;191;0,55%;30;0,09%;309;0,89%;10;0,03%;8;0,02%;61;0,18%;101;0,29%;9;0,03%;38;0,11%;254;0,73%;24;0,07%;67;0,19%
BTSB;16;1;61792;43009;18780;3;44879;17923;239;14249;31,92%;8298;18,59%;5653;12,66%;4984;11,16%;4927;11,04%;3578;8,02%;627;1,40%;246;0,55%;394;0,88%;295;0,66%;57;0,13%;422;0,95%;34;0,08%;13;0,03%;87;0,19%;129;0,29%;18;0,04%;99;0,22%;404;0,91%;51;0,11%;75;0,17%
BTSB;17;1;31409;20722;10684;3;23733;10126;108;6180;26,16%;4090;17,31%;4317;18,27%;2693;11,40%;2158;9,13%;2488;10,53%;362;1,53%;119;0,50%;195;0,83%;152;0,64%;28;0,12%;218;0,92%;29;0,12%;8;0,03%;55;0,23%;91;0,39%;7;0,03%;49;0,21%;291;1,23%;20;0,08%;75;0,32%
BTSB;18;1;34561;21448;13110;3;27602;12534;89;7913;28,76%;4125;14,99%;5568;20,24%;3851;14,00%;2005;7,29%;2515;9,14%;243;0,88%;106;0,39%;246;0,89%;102;0,37%;20;0,07%;233;0,85%;14;0,05%;6;0,02%;79;0,29%;110;0,40%;7;0,03%;47;0,17%;252;0,92%;18;0,07%;53;0,19%
BTSB;19;1;58982;37732;21248;2;46917;20389;188;15315;32,77%;7196;15,40%;6950;14,87%;7066;15,12%;4420;9,46%;3275;7,01%;559;1,20%;165;0,35%;409;0,88%;238;0,51%;37;0,08%;340;0,73%;8;0,02%;17;0,04%;70;0,15%;107;0,23%;7;0,01%;55;0,12%;365;0,78%;41;0,09%;89;0,19%
BTSB;20;1;30310;20351;9958;1;23803;9547;100;8080;34,09%;3856;16,27%;3253;13,72%;3125;13,18%;2266;9,56%;1695;7,15%;284;1,20%;104;0,44%;203;0,86%;162;0,68%;17;0,07%;216;0,91%;8;0,03%;9;0,04%;47;0,20%;87;0,37%;2;0,01%;33;0,14%;190;0,80%;27;0,11%;39;0,16%
BTSB;21;1;46944;30073;16870;1;38319;16213;147;12600;33,01%;5959;15,61%;6407;16,78%;5565;14,58%;3076;8,06%;2568;6,73%;389;1,02%;125;0,33%;361;0,95%;193;0,51%;28;0,07%;270;0,71%;9;0,02%;11;0,03%;72;0,19%;111;0,29%;10;0,03%;42;0,11%;276;0,72%;40;0,10%;60;0,16%
BTSB;22;1;27150;18999;8151;0;20923;7847;131;7509;36,11%;3431;16,50%;2471;11,88%;2378;11,44%;2322;11,17%;1336;6,43%;286;1,38%;112;0,54%;186;0,89%;186;0,89%;29;0,14%;190;0,91%;7;0,03%;9;0,04%;31;0,15%;58;0,28%;11;0,05%;39;0,19%;136;0,65%;20;0,10%;45;0,22%
BTSB;23;1;20349;13382;6967;0;16530;6696;48;6311;38,29%;2467;14,97%;2124;12,89%;2165;13,14%;1568;9,51%;904;5,48%;193;1,17%;63;0,38%;133;0,81%;154;0,93%;18;0,11%;123;0,75%;1;0,01%;8;0,05%;28;0,17%;48;0,29%;0;0,00%;31;0,19%;106;0,64%;11;0,07%;26;0,16%
BTSB;24;1;33061;23751;9310;0;23726;8856;134;8010;33,95%;4090;17,34%;2566;10,88%;2689;11,40%;3111;13,19%;1646;6,98%;351;1,49%;105;0,45%;153;0,65%;203;0,86%;35;0,15%;221;0,94%;12;0,05%;14;0,06%;43;0,18%;63;0,27%;8;0,03%;45;0,19%;157;0,67%;35;0,15%;35;0,15%
BTSB;25;1;35116;22797;12317;2;27129;11737;139;7940;29,42%;4623;17,13%;4466;16,55%;3055;11,32%;2444;9,06%;2581;9,56%;343;1,27%;117;0,43%;248;0,92%;185;0,69%;39;0,14%;296;1,10%;11;0,04%;12;0,04%;49;0,18%;103;0,38%;17;0,06%;37;0,14%;327;1,21%;35;0,13%;62;0,23%
BTSB;162;1;923612;594743;328833;36;724991;314378;2850;216444;29,97%;116764;16,17%;124365;17,22%;102643;14,21%;60414;8,37%;59758;8,28%;7918;1,10%;3053;0,42%;6073;0,84%;3779;0,52%;607;0,08%;5911;0,82%;289;0,04%;202;0,03%;1521;0,21%;2457;0,34%;184;0,03%;1035;0,14%;6644;0,92%;669;0,09%;1411;0,20%